1	??4l4linkSt@@QAEAAU0@ABU0@@Z	CB63
2	_area4add_object@8	CB63
3	_area4create@16	CB63
4	_area4free@4	CB63
5	_area4objFirst@4	CB63
6	_area4objLast@4	CB63
7	_area4objNext@8	CB63
8	_area4objPrev@8	CB63
9	_area4pageBreak@8	CB63
10	_area4sort_obj_tree@4	CB63
11	_bmp4FindDIBBits@4	CB63
12	_bmp4GetDIB@8	CB63
13	_bmp4PaletteSize@4	CB63
14	_bmp4WriteDIB@8	CB63
15	_c4atod2@12	CB63
16	_c4atod@8	CB63
17	_c4atoi@8	CB63
18	_c4atol@8	CB63
19	_c4calcType@4	CB63
20	_c4dtoa45@20	CB63
21	_c4encode@16	CB63
22	_c4getAccessMode@4	CB63
23	_c4getAutoOpen@4	CB63
24	_c4getErrDefaultUnique@4	CB63
25	_c4getErrExpr@4	CB63
26	_c4getErrFieldName@4	CB63
27	_c4getErrGo@4	CB63
28	_c4getErrOpen@4	CB63
29	_c4getErrRelate@4	CB63
30	_c4getErrSkip@4	CB63
31	_c4getErrTagName@4	CB63
32	_c4getErrorCode@4	CB63
33	_c4getLockAttempts@4	CB63
34	_c4getLockEnforce@4	CB63
35	_c4getOptimize@4	CB63
36	_c4getOptimizeWrite@4	CB63
37	_c4getReadLock@4	CB63
38	_c4getReadOnly@4	CB63
39	_c4getSafety@4	CB63
40	_c4getSingleOpen@4	CB63
41	_c4lower@4	CB63
42	_c4ltoa45@12	CB63
43	_c4setAccessMode@8	CB63
44	_c4setAutoOpen@8	CB63
45	_c4setErrDefaultUnique@8	CB63
46	_c4setErrExpr@8	CB63
47	_c4setErrFieldName@8	CB63
48	_c4setErrGo@8	CB63
49	_c4setErrOpen@8	CB63
50	_c4setErrRelate@8	CB63
51	_c4setErrSkip@8	CB63
52	_c4setErrTagName@8	CB63
53	_c4setErrorCode@8	CB63
54	_c4setLockAttempts@8	CB63
55	_c4setLockEnforce@8	CB63
56	_c4setOptimize@8	CB63
57	_c4setOptimizeWrite@8	CB63
58	_c4setReadLock@8	CB63
59	_c4setReadOnly@8	CB63
60	_c4setSafety@8	CB63
61	_c4setSingleOpen@8	CB63
62	_c4trimN@8	CB63
63	_code4allocLow@12	CB63
64	_code4calcCreate@12	CB63
65	_code4calcReset@4	CB63
66	_code4close@4	CB63
67	_code4connect@24	CB63
68	_code4data@8	CB63
69	_code4dateFormat@4	CB63
70	_code4dateFormatSet@8	CB63
71	_code4exit@4	CB63
72	_code4flush@4	CB63
73	_code4indexExtension@4	CB63
74	_code4indexFormat@4	CB63
75	_code4info@4	CB63
76	_code4initLow@12	CB63
77	_code4initUndo@4	CB63
78	_code4lock@4	CB63
79	_code4lockClear@4	CB63
80	_code4lockFileName@4	CB63
81	_code4lockItem@4	CB63
82	_code4lockNetworkId@4	CB63
83	_code4lockUserId@4	CB63
84	_code4logCreate@12	CB63
85	_code4logFileName@4	CB63
86	_code4logOpen@12	CB63
87	_code4logOpenOff@4	CB63
88	_code4optAll@4	CB63
89	_code4optStart@4	CB63
90	_code4optSuspend@4	CB63
91	_code4serverName@4	CB63
92	_code4timeout@4	CB63
93	_code4timeoutSet@8	CB63
94	_code4tranCommit@4	CB63
95	_code4tranRollback@4	CB63
96	_code4tranStart@4	CB63
97	_code4unlock@4	CB63
98	_d4alias@4	CB63
99	_d4aliasSet@8	CB63
100	_d4append@4	CB63
101	_d4appendBlank@4	CB63
102	_d4appendStart@8	CB63
103	_d4blank@4	CB63
104	_d4bof@4	CB63
105	_d4bottom@4	CB63
106	_d4changed@8	CB63
107	_d4check@4	CB63
108	_d4close@4	CB63
109	_d4create@16	CB63
110	_d4createTemp@12	CB63
111	_d4delete@4	CB63
112	_d4deleted@4	CB63
113	_d4eof@4	CB63
114	_d4field@8	CB63
115	_d4fieldInfo@4	CB63
116	_d4fieldJ@8	CB63
117	_d4fieldNumber@8	CB63
118	_d4fileName@4	CB63
119	_d4flush@4	CB63
120	_d4freeBlocks@4	CB63
121	_d4go@8	CB63
122	_d4goBof@4	CB63
123	_d4goEof@4	CB63
124	_d4index@8	CB63
125	_d4lock@8	CB63
126	_d4lockAdd@8	CB63
127	_d4lockAddAll@4	CB63
128	_d4lockAddAppend@4	CB63
129	_d4lockAddFile@4	CB63
130	_d4lockAll@4	CB63
131	_d4lockAppend@4	CB63
132	_d4lockFile@4	CB63
133	_d4lockTest@8	CB63
134	_d4lockTestAppendLow@4	CB63
135	_d4log@8	CB63
136	_d4memoCompress@4	CB63
137	_d4numFields@4	CB63
138	_d4open@8	CB63
139	_d4openClone@4	CB63
140	_d4optimize@8	CB63
141	_d4optimizeWrite@8	CB63
142	_d4pack@4	CB63
143	_d4position2@8	CB63
144	_d4position@4	CB63
145	_d4positionSet@12	CB63
146	_d4recCountDo@4	CB63
147	_d4recNo@4	CB63
148	_d4recPosition@8	CB63
149	_d4recWidth@4	CB63
150	_d4recall@4	CB63
151	_d4record@4	CB63
152	_d4recordOld@4	CB63
153	_d4refresh@4	CB63
154	_d4refreshRecord@4	CB63
155	_d4reindex@4	CB63
156	_d4remove@4	CB63
157	_d4seek@8	CB63
158	_d4seekDouble@12	CB63
159	_d4seekN@12	CB63
160	_d4seekNext@8	CB63
161	_d4seekNextDouble@12	CB63
162	_d4seekNextN@12	CB63
163	_d4skip@8	CB63
164	_d4tag@8	CB63
165	_d4tagDefault@4	CB63
166	_d4tagNext@8	CB63
167	_d4tagPrev@8	CB63
168	_d4tagSelect@8	CB63
169	_d4tagSelected@4	CB63
170	_d4tagSync@8	CB63
171	_d4top@4	CB63
172	_d4unlock@4	CB63
173	_d4unlockRecord@8	CB63
174	_d4writeLow@12	CB63
175	_d4zap@12	CB63
176	_date4assign@8	CB63
177	_date4cdow@4	CB63
178	_date4cmonth@4	CB63
179	_date4dow@4	CB63
180	_date4format@12	CB63
181	_date4formatMdx2@8	CB63
182	_date4formatMdx@4	CB63
183	_date4init@12	CB63
184	_date4isLeap@4	CB63
185	_date4long@4	CB63
186	_date4timeNow@4	CB63
187	_date4today@4	CB63
188	_dfile4recCount@8	CB63
189	_dfile4remove@4	CB63
190	_error4default@12	CB63
191	_error4describeDefault@24	CB63
192	_error4describeExecute@24	CB63
193	_error4exitTest@4	CB63
194	_error4file@12	CB63
195	_error4hook@24	CB63
196	_error4set@8	CB63
197	_error4text@8	CB63
198	_expr4calcDelete@4	CB63
199	_expr4calcLookup@12	CB63
200	_expr4calcMassage@4	CB63
201	_expr4calcNameChange@12	CB63
202	_expr4calcResultPos@8	CB63
203	_expr4double2@8	CB63
204	_expr4double@4	CB63
205	_expr4execute@12	CB63
206	_expr4functions@4	CB63
207	_expr4key@12	CB63
208	_expr4nullLow@8	CB63
209	_expr4parseLow@12	CB63
210	_expr4source@4	CB63
211	_expr4str@4	CB63
212	_expr4true@4	CB63
213	_expr4vary@8	CB63
214	_f4assign@8	CB63
215	_f4assignChar@8	CB63
216	_f4assignDouble@12	CB63
217	_f4assignField@8	CB63
218	_f4assignInt@8	CB63
219	_f4assignLong@8	CB63
220	_f4assignN@12	CB63
221	_f4assignNotNull@4	CB63
222	_f4assignNull@4	CB63
223	_f4assignPtr@4	CB63
224	_f4blank@4	CB63
225	_f4char@4	CB63
226	_f4data@4	CB63
227	_f4decimals@4	CB63
228	_f4double2@8	CB63
229	_f4double@4	CB63
230	_f4flagAnd@8	CB63
231	_f4flagFlipReturns@4	CB63
232	_f4flagInit@12	CB63
233	_f4flagIsAllSet@12	CB63
234	_f4flagIsAnySet@12	CB63
235	_f4flagIsSet@8	CB63
236	_f4flagOr@8	CB63
237	_f4flagReset@8	CB63
238	_f4flagSet@8	CB63
239	_f4flagSetAll@4	CB63
240	_f4flagSetRange@12	CB63
241	_f4int@4	CB63
242	_f4len@4	CB63
243	_f4long@4	CB63
244	_f4memoAssign@8	CB63
245	_f4memoAssignN@12	CB63
246	_f4memoFree@4	CB63
247	_f4memoLen@4	CB63
248	_f4memoNcpy@12	CB63
249	_f4memoPtr@4	CB63
250	_f4memoSetLen@8	CB63
251	_f4memoStr@4	CB63
252	_f4name@4	CB63
253	_f4ncpy@12	CB63
254	_f4null@4	CB63
255	_f4number@4	CB63
256	_f4ptr@4	CB63
257	_f4str@4	CB63
258	_f4true@4	CB63
259	_f4type@4	CB63
260	_file4close@4	CB63
261	_file4create@16	CB63
262	_file4flush@4	CB63
263	_file4len@4	CB63
264	_file4lenSet@8	CB63
265	_file4lock@12	CB63
266	_file4open@16	CB63
267	_file4openTest@4	CB63
268	_file4optimizeLow@20	CB63
269	_file4optimizeWrite@8	CB63
270	_file4read@16	CB63
271	_file4readAll@16	CB63
272	_file4readError@16	CB63
273	_file4refresh@4	CB63
274	_file4replace@8	CB63
275	_file4seqRead@12	CB63
276	_file4seqReadAll@12	CB63
277	_file4seqReadInitDo@20	CB63
278	_file4seqWrite@12	CB63
279	_file4seqWriteDelay@4	CB63
280	_file4seqWriteFlush@4	CB63
281	_file4seqWriteInit@20	CB63
282	_file4seqWriteRepeat@12	CB63
283	_file4unlock@12	CB63
284	_file4write@16	CB63
285	_group4create@12	CB63
286	_group4footerFirst@4	CB63
287	_group4footerNext@8	CB63
288	_group4footerPrev@8	CB63
289	_group4free@4	CB63
290	_group4headerFirst@4	CB63
291	_group4headerNext@8	CB63
292	_group4headerPrev@8	CB63
293	_group4numFooters@4	CB63
294	_group4positionSet@8	CB63
295	_group4repeatHeader@8	CB63
296	_group4resetExprSet@8	CB63
297	_group4resetPage@8	CB63
298	_group4resetPageNum@8	CB63
299	_group4swapFooter@8	CB63
300	_group4swapHeader@8	CB63
301	_i4close@4	CB63
302	_i4create@12	CB63
303	_i4fileName@4	CB63
304	_i4open@8	CB63
305	_i4reindex@4	CB63
306	_i4tag@8	CB63
307	_i4tagAdd@8	CB63
308	_i4tagInfo@4	CB63
309	_l4addAfter@12	CB63
310	_l4addBefore@12	CB63
311	_l4addLow@8	CB63
312	_l4firstLow@4	CB63
313	_l4lastLow@4	CB63
314	_l4nextLow@8	CB63
315	_l4pop@4	CB63
316	_l4prev@8	CB63
317	_l4remove@8	CB63
318	_mem4alloc2Default@8	CB63
319	_mem4allocDefault@4	CB63
320	_mem4checkMemory@0	CB63
321	_mem4createAllocDefault@24	CB63
322	_mem4createDefault@20	CB63
323	_mem4freeCheck@4	CB63
324	_mem4freeDefault@8	CB63
325	_mem4release@4	CB63
326	_obj4bitmapFieldCreate@24	CB63
327	_obj4bitmapFieldFree@4	CB63
328	_obj4bitmapFileCreate@24	CB63
329	_obj4bitmapFileFree@4	CB63
330	_obj4bitmapStaticCreate@24	CB63
331	_obj4bitmapStaticFree@4	CB63
332	_obj4brackets@8	CB63
333	_obj4calcCreate@24	CB63
334	_obj4calcFree@4	CB63
335	_obj4dataFieldSet@20	CB63
336	_obj4dateFormat@8	CB63
337	_obj4decimals@8	CB63
338	_obj4delete@4	CB63
339	_obj4displayOnce@8	CB63
340	_obj4displayZero@8	CB63
341	_obj4exprCreate@24	CB63
342	_obj4exprFree@4	CB63
343	_obj4fieldCreate@24	CB63
344	_obj4fieldFree@4	CB63
345	_obj4frameCorners@8	CB63
346	_obj4frameCreate@20	CB63
347	_obj4frameFill@8	CB63
348	_obj4frameFree@4	CB63
349	_obj4justify@8	CB63
350	_obj4leadingZero@8	CB63
351	_obj4lineCreate@20	CB63
352	_obj4lineFree@4	CB63
353	_obj4lineWidth@8	CB63
354	_obj4lookAhead@8	CB63
355	_obj4numericType@8	CB63
356	_obj4remove@4	CB63
357	_obj4style@8	CB63
358	_obj4textCreate@24	CB63
359	_obj4textFree@4	CB63
360	_obj4totalCreate@24	CB63
361	_obj4totalFree@4	CB63
362	_relate4bottom@4	CB63
363	_relate4changed@4	CB63
364	_relate4createSlave@16	CB63
365	_relate4doAll@4	CB63
366	_relate4doOne@4	CB63
367	_relate4eof@4	CB63
368	_relate4errorAction@8	CB63
369	_relate4free@8	CB63
370	_relate4freeRelate@8	CB63
371	_relate4init@4	CB63
372	_relate4lockAdd@4	CB63
373	_relate4lookup_data@8	CB63
374	_relate4matchLen@8	CB63
375	_relate4next@4	CB63
376	_relate4optimizeable@4	CB63
377	_relate4querySet@8	CB63
378	_relate4retrieve2@24	CB63
379	_relate4retrieve@16	CB63
380	_relate4save2@20	CB63
381	_relate4save@12	CB63
382	_relate4skip@8	CB63
383	_relate4skipEnable@8	CB63
384	_relate4sortSet@8	CB63
385	_relate4top@4	CB63
386	_relate4type@8	CB63
387	_report4caption@8	CB63
388	_report4currency@8	CB63
389	_report4dataDo@4	CB63
390	_report4dataFileSet@8	CB63
391	_report4dataGroup@8	CB63
392	_report4decimal@8	CB63
393	_report4do@4	CB63
394	_report4free@12	CB63
395	_report4free_styles@4	CB63
396	_report4generatePage@8	CB63
397	_report4groupFirst@4	CB63
398	_report4groupHardResets@8	CB63
399	_report4groupLast@4	CB63
400	_report4groupLookup@8	CB63
401	_report4groupNext@8	CB63
402	_report4groupPrev@8	CB63
403	_report4index_type@0	CB63
404	_report4init@4	CB63
405	_report4margins@24	CB63
406	_report4numGroups@4	CB63
407	_report4numStyles@4	CB63
408	_report4off_write@0	CB63
409	_report4output@12	CB63
410	_report4pageFree@4	CB63
411	_report4pageHeaderFooter@4	CB63
412	_report4pageInit@4	CB63
413	_report4pageMarginsGet@20	CB63
414	_report4pageObjFirst@4	CB63
415	_report4pageObjNext@4	CB63
416	_report4pageSize@16	CB63
417	_report4pageSizeGet@12	CB63
418	_report4parent@8	CB63
419	_report4printerDC@8	CB63
420	_report4printerSelect@4	CB63
421	_report4querySet@8	CB63
422	_report4retrieve2@24	CB63
423	_report4retrieve@16	CB63
424	_report4save@12	CB63
425	_report4separator@8	CB63
426	_report4sortSet@8	CB63
427	_report4styleFirst@4	CB63
428	_report4styleLast@4	CB63
429	_report4styleNext@8	CB63
430	_report4styleSelect@8	CB63
431	_report4styleSelected@4	CB63
432	_report4styleSheetLoad@12	CB63
433	_report4styleSheetSave@8	CB63
434	_report4titlePage@8	CB63
435	_report4titleSummary@4	CB63
436	_report4toScreen@8	CB63
437	_sort4free@4	CB63
438	_sort4get@16	CB63
439	_sort4getInit@4	CB63
440	_sort4getInitFree@8	CB63
441	_sort4getMemInit@4	CB63
442	_sort4init@16	CB63
443	_sort4initAlloc@4	CB63
444	_sort4initFree@20	CB63
445	_sort4initSet@16	CB63
446	_sort4put@16	CB63
447	_sort4spoolsInit@8	CB63
448	_style4color@8	CB63
449	_style4create@20	CB63
450	_style4delete@8	CB63
451	_style4free@8	CB63
452	_style4index@8	CB63
453	_style4lookup@8	CB63
454	_t4alias@4	CB63
455	_t4close@4	CB63
456	_t4exprLow@4	CB63
457	_t4filterLow@4	CB63
458	_t4getExprSource@4	CB63
459	_t4openLow@16	CB63
460	_t4unique@4	CB63
461	_t4uniqueModify@8	CB63
462	_t4uniqueSet@8	CB63
463	_total4addCondition@12	CB63
464	_total4create@20	CB63
465	_total4free@4	CB63
466	_total4lookup@8	CB63
467	_u4allocAgainDefault@16	CB63
468	_u4allocDefault@4	CB63
469	_u4allocErDefault@8	CB63
470	_u4allocFixedDefault@8	CB63
471	_u4allocFreeDefault@8	CB63
472	_u4delayHundredth@4	CB63
473	_u4freeDefault@4	CB63
474	_u4freeFixedDefault@4	CB63
475	_u4nameChar@4	CB63
476	_u4nameCurrent@12	CB63
477	_u4nameExt@16	CB63
478	_u4namePiece@20	CB63
479	_u4ncpy@12	CB63
480	_u4remove@4	CB63
481	_u4switch@0	CB63
482	_u4yymmdd@4	CB63
483	_x4reverseShort@4	CB63
